Protein,GEM
DKKL1,-3.37749526841107
TLR3,-3.26874073488087
LILRB5,-8.7798798960079
CD33,-3.52278290720373
MICB_MICA,-3.95048718828038
SIRPA,-2.9921316485993
FUCA1,-3.61820616086969
PDGFRB,-3.25299337654138
MDGA1,-2.3418891739217
PSCA,-4.79884820149351
KLK12,-4.57275467559538
MBL2,-2.56872960522401
ZP3,-6.16054739280835
CCL24,-3.31062590470015
DBH,-3.10440172847781
CFHR2,-2.77197683022314
CFHR4,-3.05818879389058
TDGF1,-4.80295906796026
LRRC37A2,-4.07591778585651
CEACAM21,-3.22862944422254
ACP6,-2.93188073358752
TPSAB1,-2.92561758560602
MEP1B,-2.48135311359467
IL17RA,-3.21952512672429
LILRA6,-3.29061130003683
CSF2RB,-2.91278334777297
LILRA3,-4.54938017356121
CTSH,-3.01498591146331
ABO,-7.84365321864074
IL6R,-2.98897935526071
GC,-3.07285517512387
APOBR,-3.37457905786876
CD177,-3.84137928399402
KIR3DL1,-3.68118482920126
FGFR4,-3.53300276073952
HDGF,-3.33182312217239
IL1RAP,-2.4472400136237
ADGRB3,-2.65733362366781
PILRB,-2.25257744075564
HBZ,-4.46973633238025
SGSH,-2.62548742638625
LY75,-2.93788041009067
CD300LF,-2.26468443593689
IFNGR2,-2.15685229220888
VNN1,-2.04835497156672
TNN,-1.96778234835505
TREH,-2.19215835732809
MAN2B2,-2.41077620780444
PGLYRP2,-2.52467683041811
F12,-2.5055917244142
PSG1,-2.689998139048
PM20D1,-4.0135471463379
KLK1,-3.53304968559847
ENPP5,-1.8416559623164
CHIT1,-3.82832965468722
LILRB2,-2.29851915688166
PDCD6,-3.28440850066092
MSMB,-2.42417591540768
KLK15,-3.499459612435
ICAM2,-2.74901487996556
FCGR2A,-2.94673594848033
LAIR2,-3.13437608142714
PRSS53,-2.57199707726337
CD200R1,-2.75559641824621
SIGLEC9,-2.31792277238861
ENPP7,-1.81446160614883
C1QTNF9,-1.74339054278001
AFAP1,-4.89050210303469
PLB1,-3.14128394254694
SIGLEC5,-2.47806260539864
DPEP1,-2.49006095874059
CD70,-2.89049376277251
SFTPD,-2.25785879196956
FCRL3,-3.58367298275327
FOLR3,-4.34504607444875
TNFRSF10C,-2.22569966789751
IL7R,-2.31808439542765
CD109,-2.66885367122748
RNASE10,-2.72801587040924
HSD17B14,-2.3830765081253
CST7,-2.5116332030729
TOP1,-3.20903393375047
SERPINA12,-3.15795467769426
CLEC4C,-2.67091378054837
CLEC4M,-1.64668621527176
SNCG,-2.13206552633216
LECT2,-1.94912686589456
PON1,-1.82663071842925
CD209,-1.70620739053822
LPA,-3.15996331461791
VMO1,-2.42045999366126
PILRA,-1.87357430984395
CD101,-2.65482210506284
PON2,-1.74063177342858
VSTM1,-2.94556780436903
SMPDL3A,-1.9031650513478
ICAM5,-1.98937578742193
ADAM15,-3.54017848152888
FCGR3B,-2.75078719752639
CPVL,-2.90147307913543
CRTAC1,-1.60462694563514
CLEC7A,-2.31163744981568
UMOD,-1.85603577100671
SLAMF8,-2.10277155959794
IL17RB,-1.93620578886103
CAPG,-2.19419644719951
IL1RL1,-1.99273768876795
OLFM4,-2.77951365218298
CCL25,-2.13940977702457
ALPI,-2.3722925584797
MUC2,-3.54280941115746
TMPRSS5,-2.12693197646605
FCRLB,-2.84738547629995
GPC5,-2.56570319392482
CCL15,-1.89947760192983
IL18R1,-1.46574609523397
KLB,-2.37917365920623
CNTN2,-1.9408249555887
CCL8,-2.3642435170912
FCAR,-2.13779646083021
FCN2,-2.36995742733873
SERPINI2,-3.1991027063147
CRYGD,-2.72468264990117
FGFBP2,-1.75217090168028
PDCD1LG2,-1.88770249774211
FAM3D,-2.36575051484243
TACSTD2,-2.13320167103205
CLUL1,-2.20180494006509
LCP1,-3.46976964901273
TXNDC15,-2.05125700443987
CRISP2,-2.48124816213626
CST5,-2.5005522761239
FUT8,-3.11085678096685
KIR2DL2,-2.79535685349906
SIRPB1,-1.68864470108591
PVR,-1.76078499148163
LILRB1,-1.99743910342262
CA6,-1.38564785199623
COL2A1,-3.37946788136971
ICAM4,-2.72605523805772
LRIG1,-1.6069544900958
SPINK4,-1.75487834464488
ADAM23,-2.02345826384481
FLT4,-1.99757518064345
COL28A1,-3.58239191333549
PINLYP,-2.48909880685926
HEPACAM2,-2.07218620098184
TCN2,-2.09025538152688
APOE,-3.1064229457701
CD6,-2.51319685763401
CD276,-1.91003263623731
CCL16,-1.59402912422726
CPPED1,-2.21367654658219
MANSC4,-1.82952352462569
NAAA,-2.17241636043118
TCTN3,-2.06303568346276
OSCAR,-1.69085644527377
PVALB,-3.79244220436196
PLXNB2,-2.11894759897661
SELE,-1.93192448114471
SERPINB8,-1.97557203873249
XCL1,-2.00724320454561
GASK1A,-2.1737496167737
LRRN1,-1.62773077721213
HMCN2,-1.90297767657635
TYRO3,-2.05676737293371
VNN2,-2.07334296707276
ASAH2,-1.95909629202761
LEFTY2,-2.41783628724099
PRR4,-2.17190156123032
CRISP3,-1.86664690429911
GBP4,-4.12615998811043
FCRL2,-2.66486538250238
CDH17,-2.07509444885626
LILRA2,-1.65376805735551
OBP2B,-1.88666543016643
CRELD1,-1.55709981563912
CTSC,-2.70359032146061
LTA,-2.12581585640701
CDSN,-2.49842294701048
ARSA,-1.94145011033729
VEGFA,-1.82647231370498
FGL1,-1.73422777505162
SERPINA11,-1.53273493554801
CPQ,-1.91786989047449
LAMB1,-2.02642136680088
CLPS,-1.9817038664278
IL5RA,-2.92944590304933
WFDC12,-1.81044919731878
PSAPL1,-2.35768164841586
IDUA,-1.72494109046432
PTPRM,-2.29024794551437
KAZALD1,-1.85365613327199
AHSG,-1.80889006238178
KIR2DL3,-3.32222687713316
FCRL6,-2.22767388113489
SPARCL1,-2.0668251599796
GPR37,-1.33178743508422
VSIG10,-4.66491346177443
FUT3_FUT5,-1.85480274883355
PAEP,-1.98763082684201
C7,-1.83997151163485
PTPRH,-2.50172607702866
ENTPD6,-2.90702252257271
MIA,-1.62316572003682
HGFAC,-2.27288140141344
TEK,-2.38585450280507
TCN1,-5.67459311626631
IL31RA,-2.37981931565755
SCN4B,-1.47346746275416
PYDC1,-2.98657159770678
CNTN5,-1.47038865987618
DYNLT1,-2.21318338124083
LRPAP1,-2.65259323154404
FAM3B,-1.68891161130382
CSTB,-1.67621188517696
SHMT1,-2.26725099197124
SLAMF7,-2.74076553440864
NCAM2,-1.74343582404179
CLEC10A,-1.69480126220335
MELTF,-1.7815052690739
SFTPA2,-2.10908533452892
SIGLEC6,-2.30284684714914
VCAN,-2.372152036132
PRSS27,-1.92526240250231
CGREF1,-1.25103016131309
ITPA,-2.19086808850191
KDR,-1.95725669281687
CD48,-1.81873600279573
CDHR5,-1.12562948145601
KEL,-2.44110970170638
CTBS,-1.79719638181175
HSBP1,-2.75587705245797
NPTX1,-2.40065798325295
SPAG1,-8.74669708758375
B3GNT7,-1.96201285577563
TGFBI,-1.61877867480504
GFRAL,-1.70478367040141
MMP1,-2.0727337196843
TGOLN2,-1.89742059617693
CA5A,-1.56014544304928
SEMA3G,-2.09487033696693
AMN,-2.26390662879313
BTD,-2.36320088706954
OSMR,-1.65549360042831
LYPD3,-2.78104801757458
CR1,-1.80019052256046
TIMP3,-2.10103294600643
LILRB4,-1.54192036591045
ALPP,-1.17519585975023
SIGLEC8,-1.71942751208583
GNLY,-2.29219404397457
SPINK2,-1.41221783579035
CLGN,-2.14321893741998
MSLN,-1.90460863807239
LGALS3,-1.96719313758304
ITGA2,-1.60004493027657
LEG1,-2.38172567377855
CDH6,-1.44787412733741
HDDC2,-3.62797774335838
VIT,-2.26646982767282
SERPINA9,-2.18969029590209
MILR1,-1.80357620960829
FGF5,-2.45067658996271
IL34,-3.71943029335995
CD207,-1.98522761152593
BTN3A2,-1.67879029322786
IL12B,-1.42126941397285
TOR1AIP1,-2.33295084761037
DPP7,-1.65884891822029
SCG3,-1.7872348880406
KLK4,-1.67924595115822
NT5E,-1.69218156605874
GRN,-1.6903757763052
SERPINA4,-2.34389926255939
CRNN,-2.388335446207
LYPD8,-3.22765114241161
HNMT,-1.68906551810065
CD300C,-1.34026632064734
KLK10,-2.1080845626809
EDAR,-2.88949867103568
LAIR1,-1.23454926717407
SUSD5,-1.20372495061465
CCN4,-1.90399331063884
HAVCR1,-1.33327783454537
ANG,-1.43177056519201
GLRX,-2.1017474373156
ADA,-2.26462717706742
GM2A,-1.43175862695462
EPPK1,-2.71148745653644
F11,-2.19163038383962
MATN3,-2.14725741241089
MEGF10,-1.09447696409036
ISLR2,-2.15369356985641
IL2RA,-1.46889986903179
FGF2,-2.65578061172227
CLEC4D,-1.26999247809104
MMP3,-2.06635964292601
IL12A_IL12B,-1.28630942862197
CDH5,-1.58263345766542
ENTPD2,-2.60854538667926
LBP,-2.04455450022082
PAM,-2.2622376324724
NID2,-2.65670307887286
WFIKKN2,-1.53192787901576
AMY2A,-1.91326254716731
CST1,-2.87021339167712
ITGB7,-2.2434767843038
ECM1,-4.70292705841718
BCHE,-1.5545907981713
CXCL1,-2.28197726360505
AAMDC,-2.35047566433464
CTRC,-2.71666860197173
ADAM22,-1.1632431476978
FRZB,-1.74741403974856
AMY2B,-1.98673993518049
EGFLAM,-1.82865438202236
STAB2,-1.95140875844535
TNFRSF10A,-1.28547352583717
AMY1A_AMY1B_AMY1C,-2.16816135904464
LRP1,-2.06705567267871
C8B,-2.43646346365232
SSC5D,-1.46601394655484
ADGRD1,-1.0701092943715
CPB2,-2.02989638700431
CHI3L1,-0.844788517487561
MLN,-1.8339454526665
IL1RL2,-1.1972743310113
LRP11,-1.33282312983049
AOC3,-1.84786543438658
APOL1,-1.75514272118569
HSDL2,-1.93651204245005
PLA2G2A,-1.78548235538783
TNC,-1.74089646006622
KLKB1,-2.19639002992245
PRTN3,-1.61902257694353
CTRB1,-2.05940454815382
BPIFB1,-1.70536607810766
GHR,-1.31054594962159
SAT2,-3.57985929592824
SMPD1,-1.43729232959636
ADAMTS8,-1.19845682243265
ULBP2,-1.04642123613488
STX7,-4.02267686906689
FLRT2,-1.22793949248691
OXT,-0.625094556269349
AFP,-1.64707161467413
LRRC25,-1.46071207488736
CLSTN2,-1.83693250213616
TMEM132A,-3.35047046463266
TNFRSF11A,-1.28863298793164
CLEC6A,-1.58839503837791
SIGLEC10,-1.50816328921282
LY9,-1.99161458740714
CEACAM5,-1.3346518146966
SELPLG,-1.60979438065402
NOTCH2,-2.15877260596306
IL1R2,-1.77031194326599
PXN,-2.11277535480036
PRTG,-1.56128960277886
NELL1,-1.48250470053819
PZP,-0.70193263690114
CCL4,-1.9246502045902
QSOX1,-3.13827339179433
SIGLEC1,-1.42051241168084
CES1,-1.02728874201694
KLRD1,-2.02777664514422
APOH,-3.2453063615485
PCDH17,-1.27961869158712
FCRL5,-1.98436320243826
MENT,-1.5347908274691
VWC2,-1.14129984681913
TREM2,-1.24212870024261
FCN1,-1.62294810260139
CRHBP,-1.31709444035901
CYTL1,-1.48323528686906
ECHDC3,-1.2330210417904
CHGB,-1.69353377757007
TFRC,-1.54986309454997
OGN,-1.23752673658634
NOMO1,-1.38632189305977
CD244,-2.09869873933867
TNXB,-1.69494990655298
ENG,-1.44803200090068
NPTXR,-1.88564202865692
CTSB,-1.55757809863112
TSPAN8,-1.85731079757336
PTPRB,-2.01532855149974
HPGDS,-1.26946824451181
ADGRE1,-1.89305584252743
DRAXIN,-1.67026536506494
IGFBPL1,-1.41165683307723
CD300A,-1.31966932956258
CEACAM16,-0.620458868287355
CTSS,-1.47450733824639
KLK14,-1.62423142158552
TIE1,-2.01807784072277
ATRN,-1.78737766356148
GGH,-0.888883734810481
BLMH,-2.08306336720378
PROK1,-2.08776719194323
CLEC1A,-1.79833834016797
SERPINE2,-2.56741975539192
COCH,-1.68751146632684
SUSD2,-1.98952654881086
IL10RB,-1.07676705622453
KLK7,-2.34379745610543
F7,-1.37811252198193
MME,-1.52358556896642
EBI3_IL27,-1.44360397990897
CFHR5,-1.6075566345952
LTBP3,-1.12004073693999
NCR3LG1,-1.52310725346098
KLK13,-1.46780943389763
CLEC4A,-1.24405774827319
CTSE,-1.74832711049244
CSF1R,-1.28485883471998
LRG1,-1.79098834816478
PLG,-1.30501673216187
MOCS2,-2.35489660519046
CCL23,-1.63805413385701
CXCL6,-1.86786322108452
MASP1,-1.87510762056355
ICAM1,-1.27887329773221
IGF2R,-1.49559151477135
FASLG,-1.54946526917057
PAMR1,-1.60976379796887
TNFSF10,-1.78554093812993
CNTNAP2,-1.73454228260615
MATN2,-1.5002270554203
BCAM,-1.37987512728549
GCNT1,-2.00496462709102
PCDHB15,-2.20318372197609
TIMD4,-1.63097447848406
CNTN4,-1.31154619133768
ICAM3,-2.38907925139454
CBLIF,-1.98691652048996
ANPEP,-2.61246771026729
CRH,-2.1994359068848
EPHA4,-1.19040272013343
CD163,-1.21822234498694
CCL17,-1.78467139956071
TNR,-1.40055576501127
ENTPD5,-1.81574958412925
KLRK1,-1.86020500507927
INHBC,-0.870649631478921
LCN15,-1.89290037479837
MMP12,-1.14596729485265
MEP1A,-1.89938267036207
TNFRSF13C,-1.97496612519464
KLK8,-1.52539254699404
FETUB,-1.15856260130664
BPIFA2,-2.04139296967976
CLSTN3,-1.67497017308153
MSR1,-1.26776673496746
CCL18,-1.69586760958008
RETN,-1.09997617672196
C1RL,-1.36556730860277
CPXM1,-2.05983863060288
CREG1,-1.125056997415
CDA,-1.55808573592374
ITGBL1,-1.34975452810822
LGALS4,-0.810814411251537
SELL,-1.42566115756034
THBS2,-1.24255372834981
FNDC1,-1.46141544512181
CTRL,-1.42371147761192
SBSN,-1.76357870653353
GPC1,-1.07689413131335
GALNT10,-1.39156460981517
ANXA2,-2.01482758663031
NCAM1,-1.05042639322179
LPO,-2.08423608590286
FCER2,-1.19736334398871
RNASET2,-1.15993759865468
ERMAP,-2.10773009861956
CNDP1,-0.801088456741361
FABP9,-1.86057671146748
SDK2,-2.23794554482698
FGFBP3,-1.5008137854108
F13B,-1.86722362045547
DKK3,-2.02719446000689
PNLIPRP1,-2.52077597371496
CPXM2,-1.23225272675331
IL16,-1.96628809643157
GALNT3,-1.74389214889376
SPINK5,-1.60554313018181
PROC,-1.40466870616495
CD80,-1.02437283309628
FCRL1,-1.39633417916345
KLK11,-1.67875050381009
LGALS3BP,-1.48030492295988
PODXL,-1.97722496286731
PTGR1,-0.974769148547173
ANGPTL7,-1.90235958206689
BRSK2,-4.14119154350675
CFB,-0.979883996889331
GALNT2,-1.52267643610673
BMP10,-1.95221112177068
CCL14,-1.3261343263622
CD300E,-0.929456662585953
ARHGEF5,-3.05235747988345
MMP10,-1.97656636916107
IL3RA,-2.3255480172423
DSCAM,-1.60387039691173
RGMA,-0.820718632853262
CNTN1,-1.16854765276787
ASAH1,-1.92387037782146
DDR1,-1.51604803817672
SUMF2,-1.28443389983323
DLK1,-1.11021817017061
ASGR2,-1.30469466469924
PLTP,-1.15715538516621
PON3,-1.05385810125523
LPL,-1.13568848458922
SNAP25,-2.18431206575735
CD160,-1.48131380034097
CR2,-1.83735175329958
ICOSLG,-1.48145360897555
IGFBP3,-1.78993064365374
C1QA,-1.14223737176368
ADAM8,-1.47503523970551
GAL,-1.99848030454218
NFASC,-1.4207077228969
CXCL5,-2.25990736141642
CRELD2,-1.39342801614042
PECAM1,-2.28100972742277
CHL1,-1.92004265930796
RARRES1,-2.49409366920957
QPCT,-1.14751617688453
SMOC2,-1.35763574537131
NPTX2,-2.08874885072381
GIMAP7,-1.82560917316072
CDH1,-1.73522966996865
CD36,-1.61713940897994
ADAMTS13,-1.64945503405711
ENPP6,-1.47787128888232
SORCS2,-1.02723070864685
SPINK1,-0.903537154356692
LGMN,-1.54703154622174
NT5C,-2.54333487986797
CEACAM1,-1.1632225665827
ACP5,-0.675244233567993
L1CAM,-1.17031091906842
LHPP,-1.89958728020107
TPK1,-1.69323666526941
PEPD,-0.953954292595492
CELA3A,-2.44101141770979
HRG,-2.34298026893051
PLA2G10,-1.30842562760012
LILRA5,-1.2612201644448
PER3,-2.75749903864455
BTC,-2.42708204032057
FCGR2B,-2.01521410159901
MCEMP1,-2.32778529598099
IFNAR1,-3.61788668009209
KIT,-1.2751823411044
CNTN3,-1.20348703222032
REG1A,-1.22684352081366
MTHFSD,-1.99816956134718
F3,-2.58307686944101
CTSZ,-0.876013147443503
GPNMB,-1.84218728698649
MGMT,-2.39509534324456
MRI1,-2.45672837658517
REG1B,-1.67812426389657
CRTAM,-1.67089111326216
GAS6,-1.5396037496097
SCGB1A1,-1.25734528783931
VASN,-1.41826557482064
PRG3,-2.00909383306094
ACE,-2.74452724972982
LGALS9,-0.846733123785528
BPIFB2,-0.695749101657609
ENDOU,-2.11122798732963
PCDH12,-2.24366350742142
CD5L,-1.88359434647343
SERPINI1,-2.4957499578352
RET,-1.22214895763545
LY6D,-1.2774305599179
FLT3LG,-1.60434739558636
CDH15,-1.05564577541173
CD58,-1.30694912759216
HS3ST3B1,-2.22778131618577
GPA33,-1.71073990192681
RNASE6,-0.807153775277643
HSPB1,-2.10049883798487
NPHS1,-2.21244266133501
MYOC,-1.64510029135448
MMP8,-1.4756295587505
HBQ1,-3.90935168392135
NCR1,-1.39195059490519
SDC4,-2.30907971138343
ERBB4,-1.18899992295808
FCAMR,-0.653284804056109
ALDH3A1,-1.90232501565917
DPT,-1.24699994323527
CD22,-1.3172366951392
TNFSF13,-1.72344626703617
ADGRE2,-1.37813806704754
DEFA1_DEFA1B,-1.48194005845062
ACHE,-1.41108155443148
IL1R1,-1.07196766418155
IL19,-0.949449756039864
CPA2,-1.37437950820435
CCL3,-0.541411119238883
MFGE8,-1.5451940686617
CD38,-1.01708960451638
MET,-1.33123817202657
C4BPB,-0.631837254767701
PBLD,-1.54436353981248
CCL13,-2.09960268771849
TCL1A,-2.25246808125838
LTBR,-1.02188265415805
C1QL2,-3.69383692458556
TNFSF12,-1.81305192180974
PLAU,-1.04745224234374
AGT,-1.79307216091382
CTSF,-1.50104650465542
APOF,-0.637230231231051
IL12RB1,-1.53861265189903
LGALS8,-2.18403860221153
HEG1,-1.44807569509065
CD55,-1.62996208764984
CCER2,-0.689292162664333
PCDH9,-0.900375087674802
SOD3,-4.1860738064123
RAB6A,-1.28972220165678
LIFR,-1.62067417807062
SMOC1,-0.818441495804684
DDC,-0.637960838035738
PRELP,-2.18133636319924
MARCO,-1.53561468602807
POSTN,-2.10552364025582
RTN4R,-1.0246959533948
CD300LG,-1.1173806789544
KIRREL2,-2.06946072974998
CD1C,-1.60031385612579
ROBO4,-2.74021508658962
GFRA2,-1.42614394528252
PKD1,-1.46546381970103
GALNT5,-4.09122184869156
SAA4,-2.08924763520928
MAN1A2,-1.8282599207631
NRP1,-1.43897148546258
C1S,-1.27705910353089
PRAP1,-0.887368451531093
TPMT,-3.04667778400287
PNLIP,-2.45024916567976
IGF1R,-1.70819644438296
GGACT,-2.43860513985323
TNFSF8,-1.34966667690723
SSC4D,-0.6385051500123
CCS,-2.9023145600263
SIGLEC7,-1.25068781612481
GZMB,-2.36888162828187
NAGPA,-1.60318407420929
SEMA7A,-1.6470678829207
PLA2G15,-0.855363839910846
SCARF1,-1.54487020833476
C1QTNF5,-2.1243219408628
PI16,-1.63095945723344
IGDCC4,-1.08845225048737
PGLYRP4,-5.21693091899813
ASRGL1,-2.74699975194346
SNX15,-1.5457916869941
DCBLD2,-1.29137450641252
DPEP2,-2.36375721450471
CCN2,-1.91867696173829
CD7,-1.67056710726307
IL18,-1.36884785984376
CLEC4G,-2.16601636962497
IFI30,-0.924839609641074
MRC1,-0.966594337626588
GUSB,-0.850386046596911
COMT,-1.86894635494997
TFPI,-1.31458755290684
A1BG,-1.04329819264813
ADIPOQ,-1.36105404692019
CD86,-1.63935570808557
EPCAM,-1.45821498148661
CKAP4,-0.825868427773702
TP53I3,-1.60118297917259
WFIKKN1,-1.66948662265422
GFRA3,-1.46105343990677
MERTK,-1.56419907686094
CSF3R,-1.57719140617254
CTSV,-1.22400548126914
BCL2L11,-2.13632870673086
ITIH3,-1.06206531376309
SLITRK6,-1.55099351159898
PRND,-0.880450125937754
CD274,-1.1558100763796
AMIGO2,-1.62059561873398
ARSB,-1.41148777151038
CTSD,-0.483717906390646
NRCAM,-0.848015783553336
CELSR2,-1.02267066162354
ANGPTL1,-1.43622311443159
GRP,-1.65080689069827
TNFRSF6B,-0.845425972302034
DSG4,-2.34889746133351
WIF1,-1.5869252867759
TNFSF13B,-1.08646419354133
FBLN2,-0.821511355836212
TNFRSF10B,-0.718325255442765
PTPRS,-0.594035498366264
CLEC12A,-1.88922005609904
PEAR1,-1.94430465136622
SHBG,-1.34550350032806
DSG2,-0.875985982654322
GGT5,-1.32583117405155
AGRN,-0.858861472925966
NUCB2,-1.31687603704976
IL17D,-3.08299518668223
ENPP2,-1.81835382250312
LYVE1,-1.73251130466724
DSG3,-1.4892630934008
RNASE4,-0.782436580855923
VWA1,-0.725944064237292
CXCL16,-1.4046150955828
CDCP1,-0.658650984557383
CCL28,-1.7787384765573
BCAT1,-1.6187996895455
CA4,-0.83322067423156
SCGB3A2,-1.6377267532775
ADAMTSL5,-0.847346970758734
CELA2A,-1.5172677323994
CD8A,-1.44828203456868
LGALS7_LGALS7B,-1.64090900298228
NMI,-2.3708710415933
ADA2,-1.13363132425149
NXPH3,-1.46611439342363
SPON1,-0.737712971341269
CPA1,-1.2504891421159
SLURP1,-1.60072753366992
KITLG,-0.775753260522956
UROD,-1.92859158801555
HBEGF,-1.78294713903146
SCGB3A1,-1.38440185190604
ARHGEF10,-2.41366915355765
EGFL7,-1.37177197927179
PLA2G7,-1.41322434375008
THY1,-0.832800004807981
GBP1,-1.49629484256073
PRG2,-1.2578394888738
DNER,-0.895890004862139
FAM20A,-0.932223119997222
THBS4,-1.29061518746573
TREML2,-0.870023925055001
PDGFRA,-1.61852467968289
CD226,-1.78250182998973
KLRB1,-0.841271318089233
TNFSF11,-1.52538563796477
TNFRSF11B,-1.30124058111765
HS6ST1,-1.37115643416494
PGLYRP1,-1.35058242268958
CTSO,-0.819798863084786
REG3A,-0.930685733389017
C2,-1.57564554878042
BMP6,-1.39880654119045
SERPIND1,-0.694372943544101
CA12,-1.64356415718723
ADGRE5,-1.10685397804493
PLXDC1,-1.01449853763853
NME3,-1.4580312819379
TF,-1.3510322296262
COL4A1,-1.17547926704923
ANGPT1,-2.30713074960542
TIMP4,-1.25264476305691
ERP44,-1.37019232256719
LDLR,-0.99714366437206
SELP,-1.68142099974634
IL4R,-1.34201661614763
GLB1,-1.27629237661227
CPB1,-1.57817390368674
LAYN,-0.811138520777142
CLEC5A,-1.52775810608761
APOC1,-1.25667205683108
SPINT1,-1.39242065454763
SCARF2,-1.00018129461791
TLR1,-1.95942651818596
ROR1,-0.996914307862211
ACP1,-1.52052899778108
THTPA,-1.84895347822825
AGER,-0.796513402354004
NPY,-1.36959218904914
APEX1,-1.54151801733358
CD79B,-0.786878421918016
ART3,-0.986989816482035
CD40,-1.34443002456118
CEACAM6,-1.41156075968968
KHK,-1.23716058847901
CD302,-0.738982617175858
KLRF1,-1.88113235700117
KIAA0319,-1.29680389286843
IL6ST,-1.46201305708142
CD164L2,-2.69386930315083
PTPRZ1,-1.31551246098083
IDI2,-2.15811145207448
VSNL1,-1.48817125172168
OPTC,-1.4721899641843
GGT1,-0.557385846333719
F10,-1.14891628872668
DKK1,-1.71509726205806
IGFBP7,-1.25951423259203
HMOX1,-1.04340501023296
DPP10,-1.09504187683265
B4GALT1,-1.47376724338106
FN1,-1.45847068171786
CLMP,-0.91574805488439
PODXL2,-0.958163290887948
GDF2,-1.40278261519295
NPC2,-0.761212066150366
EFCAB2,-2.39023628348519
DKK4,-0.84134620754238
PDGFB,-1.76509542350434
FOLR2,-0.672205758500004
CD4,-1.11436804942052
AXL,-1.16411945050428
VSIR,-1.70606959934296
SPINT2,-1.53818670796147
SCARA5,-1.79957007077169
SUSD4,0.332308542724309
SLC51B,-1.80136319336866
TMEM25,-2.58156856402118
ZBTB16,-2.05018996070106
QDPR,-1.2560892190263
SPINK8,-3.72994971100447
SERPINA3,-1.37336699447755
SERPING1,-0.940300350959188
B4GAT1,-1.66549552206943
TPP1,-0.750323823475052
ESM1,-0.875360325777295
RBP5,-0.700901875324059
ACY3,-1.37703378625277
IL15RA,-1.62904052333168
CXCL11,-1.2293576890077
MEGF9,-0.668644647437971
PDCD5,-1.29299580569911
ROBO1,-1.06412617766852
CD28,-1.32138764491786
NELL2,-1.18989536997242
GDF15,0.0712425260725693
FLT1,-1.14896599755762
COL5A1,-1.27520219336698
CES3,-1.38087625038486
ITGB6,-0.818457341905898
LIPF,-1.46294257470022
TBC1D17,-1.88826943509817
CEACAM8,-1.08985735272199
PRCP,-0.774597414090255
CBLN4,-0.838015087820691
C7orf50,-3.50355717881597
CTSL,-0.733357069712494
SERPINF1,-1.01724623676034
SFRP1,-0.961219142733145
MPO,-1.12327005563172
CDNF,-0.731357465828898
GP1BA,-1.2702153215649
PDGFA,-1.75713201038291
SORT1,-1.23738800223425
CLEC11A,-2.06038528397277
EPHB4,-1.0045838139943
ISM1,-0.999344518428929
SCPEP1,-1.50803106899509
PCSK9,-1.07759122432963
SERPINA5,-1.74111872823459
ITGA11,-0.604646001568042
TNFRSF19,-0.736699881458465
RNASE3,-1.72498842106002
RBP7,-1.01993668217134
ATRAID,-1.01605790550994
INHBB,-0.375190306409509
SOST,-1.21161975328688
CFH,-0.405213246763448
BTN2A1,-0.784374200278472
CYB5R2,-1.61252501035384
PTPRC,-1.81898684226745
CD34,-0.741367587926916
ADGRF5,-1.50541392848355
IFNLR1,-0.983611368540443
LAMA4,-1.39311483392226
GZMA,-1.62222803120168
PPCDC,-1.53344055679869
ITIH4,-0.913464142559078
NID1,-1.53901757524132
GOLM2,-0.994938247538859
ACAN,-1.22384093684319
RELT,-0.345208852131414
CPM,-0.988680163904157
SPINK6,-0.739139781131526
TFPI2,-1.27731255331171
TNFSF14,-1.39049720112963
PDCD1,-0.66770209920765
GNPDA2,-1.42428172689262
ACVRL1,-0.84893127675918
NADK,-1.16382506527043
CCN3,-0.728195390911253
TG,-1.52823827947025
PTX3,-1.42048989970383
SERPINE1,-1.36762945937098
NPL,-1.12464068223712
CXADR,-0.778794444790522
ST3GAL1,-1.11306645453812
DPP6,-1.18981823615825
IDO1,-1.37213210866288
HSD11B1,-0.594735263176382
IL32,-1.70655878763858
TFF1,-0.538296141687876
DAPK2,-1.55968239380409
CCL11,-1.10038932269846
TFF3,-0.828911941391011
IL15,-1.05288656105055
ERBB2,-0.89225267516167
CD200,-1.04372677313539
TNFRSF13B,-1.1806453869807
HYOU1,-1.21690850460118
PLXDC2,-1.66823385850646
GALNT7,-1.7947022195324
APOM,-0.415164684149973
PENK,-1.01272249841205
TSHB,-1.86532252273359
ANGPTL2,-1.14950154303442
LAG3,-1.0703240848453
DSC2,-0.57862388763883
DXO,-2.38641943810618
MAMDC4,-0.191036836225395
ZFYVE19,-1.98820775657164
TTF2,-2.24374275839594
BDNF,-1.82246056558141
COMP,-0.595845144555958
THBD,-0.956343009650558
FAS,-1.22378600913849
CCL2,-1.6637149385549
CD27,-0.738297632280608
CST6,-1.24364832053975
MMP7,-0.907869780820131
VWF,-2.11316192467845
GSTA1,-0.775814191531078
IGSF9,-0.326480678357937
TMPRSS15,-0.789618207684363
ITGA5,-0.929571783772017
THPO,-1.66182363810323
AMPD3,-2.6931519340618
C1R,-1.01218701034068
CHRDL2,-0.73702620501317
TGFBR3,-1.25549848655071
LAMP3,-0.815954143863376
MCAM,-1.14169555080096
ITGA6,-1.99853771299758
CRYBB2,-1.68160163198142
ANGPTL3,-1.22049407649218
RBKS,-1.46558408560332
ERBB3,-0.896139962352967
AGXT,-0.859731711371773
CLEC14A,-0.777391101886725
LEPR,-1.14959612536854
CFP,-0.97883063381906
COLEC12,-0.584270110632672
EXTL1,-1.0494942614055
CCL19,-1.15543883415715
GDNF,-1.43020139103229
PLA2G1B,-1.01182822608677
TGFB1,-1.01511347769622
LTBP2,-0.923532257353698
GHRL,-0.917625871952355
MAMDC2,-0.745096534389409
NRP2,-1.24035228763702
TNFRSF17,-1.49929482441402
CD74,-0.724322818989159
IFNGR1,-0.93088025646635
MANSC1,-0.556798903894738
PRSS2,-0.788302880697539
XPNPEP2,-1.25122218434117
LCN2,-0.829909453227895
ERN1,-1.07208481957313
RSPO1,-1.09451135367933
GPR15L,-1.27280962750041
DDX58,-1.67781469249368
VEGFC,-1.8107971979201
KYNU,-0.841942529103499
ECE1,-3.29957384733186
NHLRC3,-0.645459393284738
APP,-2.11100942942224
ITGB2,-0.590132607310808
MUC13,-1.02987886700439
SDC1,-0.943218364675874
CPE,-1.52777317215384
GSTA3,-0.753679059436739
GP1BB,-2.75892375845546
PTPRF,-1.68095028251552
CCL7,-0.835872793336238
DLL1,-0.615461459775246
BST2,-0.561769235492252
BMPER,-0.861241274525938
NAPRT,-2.43995529368876
ADAMTSL4,-2.45727214238101
CRYM,-2.73805863268358
MEPE,-0.709658398999307
FAP,-0.845600447426601
RIDA,-0.723119346173973
EPHA1,-0.582319128560239
FGFBP1,-1.23774370460478
CDHR1,-2.10740081867242
HEPH,-1.13715653300011
CCN5,-0.899998200555157
CX3CL1,-1.31492975432775
TEX101,0.341532323121856
CD14,-0.76546209774409
HAVCR2,-0.541336794205594
PAPPA,-2.22037978646811
CCL21,-0.832842025530935
FAM171B,-2.5042546533146
TMEM106A,-2.20382244988419
LRRC38,-1.34446663257484
ALCAM,-0.546474074450327
VCAM1,-0.866213250542402
GFRA1,-0.145589973990436
POMC,-1.72710973705689
FXYD5,-1.88953092019672
CCL26,-2.07602710758137
REG3G,-2.77072256252071
PSAP,-0.573114909885857
ATXN3,-1.69548204298824
CD83,-0.855125579248683
PPY,-1.3353193600464
PDGFC,-1.36089946356207
CD84,-1.38481244408251
VSIG2,-0.497549338794449
MZB1,-0.695129352874954
ANGPT2,-0.597368345599759
NOTCH1,-0.852185029081336
GP6,-1.73372478408409
SEZ6L,-0.551086147480035
CDH2,-0.897360255230396
GUCA2A,-0.997391364568045
CHAD,-1.0598523326617
GLO1,-0.739165024091704
BCAN,-0.756660031325379
CCL5,-1.41673864275312
ODAM,-1.40932818195905
PPBP,-2.03376344719433
PADI4,-2.75617140237117
NTRK3,-0.672539673557074
NCAN,-0.837242573025291
PYY,-1.33095911780239
SCARB2,-0.43528619207174
SPARC,-2.05329319418238
TRIM5,-1.91752954310885
PIK3IP1,-0.596810962161699
SEPTIN3,-2.60715990871473
CCL22,-0.745056880081458
EFHD1,-2.0505551838307
SOD2,-1.43741336637748
JAM3,-1.24648586349402
NECTIN4,-0.59766000059619
SMAD3,-2.81266170238546
TNFRSF21,-1.06844001306522
TNFRSF8,-0.791200568231951
MFAP4,-1.13149648271623
CILP,-1.17448789798551
PI3,-0.785892609539396
NTproBNP,-0.714312269679544
AHCY,-1.86885526569839
SEZ6L2,-1.01002213102994
EPS8L2,-0.866929495702344
APOD,-1.30118458499447
CD63,-1.65470013540551
PSPN,-1.14173081679489
SPESP1,-4.23588340286371
EFNA1,-0.491045433351957
FBP1,-1.2768494151201
PIK3AP1,-2.05447718227057
CD248,-0.760638073138337
GZMH,-1.82186914317698
DNM3,-1.22027033293709
WFDC1,-1.8621312892072
CA14,-0.0485002967497102
SFRP4,-0.693577696490381
AIF1L,-2.61469626707393
ZBP1,-1.14347179977055
NTF3,-0.621193695421936
RECK,-1.51056201275695
S100A14,-1.59615609445719
DHRS4L2,-2.88132595975006
CCL27,-0.869950166119047
C1QTNF1,-1.51959592112143
BOC,-0.865609025920642
ITGAM,-0.274447001430778
TFF2,-0.833770712938004
AHSP,-1.40145022866827
MYOM3,-0.340684095066359
S100P,-1.46125142791463
OMD,-0.536017155276478
BGN,-1.44765854203285
ANGPTL4,-0.664307033787262
TDRKH,-1.65036474790599
CSPG4,-0.84776343342016
CST3,-0.343868558262689
MMP9,-0.841973240054983
FABP6,-2.08315203493712
SPOCK1,-1.82485539395253
CD2AP,-1.0527363085814
EPHB6,-0.567925711738748
ACYP1,-1.40741341659272
SEL1L,-0.63002698604586
SERPINA6,-0.432488387908966
CD72,-0.54131432460977
JCHAIN,-1.83783297531694
RNF149,-1.05496608645616
CD5,-0.816778756545941
GPIHBP1,-1.9241794983246
WASF1,-1.76332942473212
DNM1,-2.30283703577065
NUDT2,-2.55657880728299
NAGA,-0.889453412763518
ABHD14B,-2.12753575310336
MFAP5,-1.18281467713412
PLAUR,-0.564373643842015
LY96,-1.5747161843957
IGSF21,-0.985246696051117
NOTCH3,-0.51534895027019
CXCL10,-1.12723935591353
CLC,-1.55029795916129
CA9,-1.31584342963878
SMAD5,-1.07341236200385
PF4,-2.10212455290497
SPRR3,-1.16747636123143
SULT2A1,-0.557800682370686
CKMT1A_CKMT1B,-1.66984730832752
TAFA5,-0.64405927310935
BRK1,-1.68664251111082
SH3BP1,-1.9854156141512
COL1A1,-0.675587628555487
DBI,-1.15871953143812
PHYKPL,-1.63915886186574
CA13,-2.02999563153415
CEACAM20,-3.66855996336887
DMP1,-1.05142453588635
MOG,-1.16806686485592
SIAE,-1.17854720929745
CA3,-1.85099643392122
ARG1,-2.34806203740176
PROS1,-1.09815286329602
CAPS,-1.59204904680816
EGFR,-0.59413306782331
SAMD9L,-1.72007756048179
ASPN,-1.76225570742962
CD59,-0.246746168523546
UXS1,-1.35231904153514
MXRA8,-0.42095808419014
LUZP2,-0.961941894483208
ITGB5,-1.01093670191396
VAT1,-0.812503071386775
COL9A1,-1.13636790871996
SCLY,-0.761173280824228
CCN1,-1.11724590649166
CCDC80,-0.645146912796823
GYS1,-1.49333619917199
APOA1,-0.465207655437663
SETMAR,-1.47842819393846
OSM,-0.562006571349245
HYAL1,-1.19547869476301
SH3GLB2,-1.71696664458626
MYL3,-0.318764386890414
GPHA2,-4.5166420585858
HPSE,-1.56688005093834
CXCL12,-1.95042034721628
SLITRK2,-0.724307176997053
EPO,-0.643941755066254
FUOM,-0.486488337677548
DTX3,-0.984136989934515
IGSF3,-0.56279236184331
AGRP,-1.18552828546875
PRSS22,-0.934974700160435
CDHR2,-0.0407901147277587
DPP4,-0.91636589193284
COL18A1,-0.401342332563183
GIPC3,-2.32988987236297
SEMA3F,-0.607008179330244
DNPH1,-1.27692390108127
IL1RN,-0.223192986719351
LGALS1,-0.937716933807093
PDIA5,-2.66555507457089
COL15A1,-0.687280859552539
GIPC2,-1.29109873666771
LCAT,-0.842512407800309
ESAM,-0.806424346220815
CRYBB1,-1.75111244859543
B2M,-0.55915961302178
DYNLT3,-1.90437561614034
ARL2BP,-2.08738369120662
GRIK2,-2.7773805807205
IL18BP,-0.629725909544436
CDON,-1.69012852921709
GSN,-0.666106342446856
ITGAV,-0.0321510977397894
ACE2,-0.444229509820818
PIGR,-0.368758135860378
ASGR1,-0.153170188595562
ELN,-0.959504207320311
NECTIN2,-0.324188480851809
BOLA1,-1.57080872452706
GMPR,-1.8416117878563
MDK,-1.07283841062765
CLEC1B,-1.46289171193692
ITGB1,-0.928760617891935
NMNAT1,-1.42793546583065
ACADSB,-1.96223138829809
FGF19,-1.37168434456321
SUOX,-1.01561562717764
EDDM3B,-2.29246406442999
APBB1IP,-1.22168065807723
PECR,-1.57285538452883
CALCA,-0.444904101196413
NCS1,-0.956851570077846
PRRT3,-0.740007124535986
PALM,-1.07429596238649
CSF1,-0.0600112315395848
CETN3,-2.13675195765383
RNASE1,-0.709154054903064
NINJ1,-1.55479860537069
SPP1,-0.771071654750242
TACC3,-1.95779169345184
F2R,-1.26227783599596
FAM13A,-1.26084482974038
GRHPR,-0.981736742855495
IGLC2,-0.764053657738739
SLC39A5,-0.214609739432014
CFD,-0.920525034520275
AMBP,-0.665774726024738
DIPK2B,-1.1233901369497
TGFBR2,-0.204091468805435
TTR,-0.31173131587695
CRIM1,-0.613103075691559
ADAM9,-1.19121774099365
ITPR1,-2.21965603793851
ENTR1,-1.03207995828357
APCS,-0.400225531890813
MPI,-1.719302636246
REG4,-0.470524541517793
PCBD1,-0.0991870799852183
APOA2,-0.129134910691648
DEFB104A_DEFB104B,-1.90803434358303
KRT5,-0.482575518070722
S100A12,-1.48075212128404
NAGK,-1.29833147298711
CXCL8,-1.24850962491756
AKR7L,-2.15028866302259
ECI2,-1.43820517087542
S100A13,-1.40573985309175
ADGRG1,-0.327826481501496
CD99L2,-0.0515930328737781
SEMA4C,-1.07525489647207
CAMKK1,-1.78806955412276
PRSS8,0.0547666118321752
RGMB,-0.44566103160034
FBN2,-2.35648972237859
CXCL9,-1.02943080445114
RSPO3,-0.697725012033918
BSG,-0.698821625725656
CLEC3B,-0.880074910906831
CD164,-1.55036593736995
IL10,-2.11422087043347
INSL5,-0.922594861938025
ST6GAL1,-1.04040508151567
FABP2,-0.803944767621006
CD40LG,-1.98821703604945
FOLR1,0.116308854231292
HGF,-0.267191242556321
AHNAK2,-1.4389878972695
TINAGL1,-0.66896365260459
SERPINF2,-1.933496355641
THOP1,-0.660354168547829
NAP1L4,-2.11955115665019
CANT1,-0.736407908378248
AMOT,-0.585698619849398
FSTL1,-0.047191437759204
MUC16,-2.3739988141469
ADAMTS16,-0.77551869758072
LACRT,-0.916451503339757
DUSP13,-0.658502127976861
CASP1,-1.7258786444555
ITM2A,-0.931811471363991
STC2,-0.887656966041445
PDZD2,-1.82930640831029
PGD,-1.68565593105331
CFI,-0.362932211308139
ADAMTSL2,-0.269570034550468
OLR1,-0.949731228029617
VEGFB,-0.732052471138117
FKBP1B,-2.24953462444928
EGF,-2.29761315950428
AZU1,-1.15451282312881
YAP1,-0.122771600311845
UBE2L6,-1.30386859523493
MYBPC1,-0.214877559191497
CTHRC1,-0.793827313499086
PXDNL,-2.09116468817812
SPON2,-0.356039242593073
CRLF1,-0.925059862432097
PSRC1,-1.31746825534635
CHGA,-0.17832238678356
FGFR2,-0.0600088523835495
FGF21,0.429667796109711
EREG,-1.61611915769867
EDIL3,-1.31868352195774
FUT1,-2.42685908637079
DDAH1,-0.72980136784718
DNAJC6,-1.67451770950179
CALCOCO2,-1.34158061301872
PCDH1,-1.94891116030687
ENO2,-1.8455499577055
CASP8,-2.34770298701279
PTS,-0.588176851909485
TRIM40,-2.78665984846512
PTH1R,-1.85437633750299
EFEMP1,-0.605289901678107
NUDT16,-1.30063274028737
MAP2,-1.58419446072278
COL3A1,-0.752638251617121
NIT1,-1.30930406592438
NCF2,-1.3056011539652
ROBO2,-0.622411272485693
GPRC5C,-0.948255269685194
CSF2,-1.30650639623708
GRK5,-1.84859927125592
TNFRSF4,-0.0408523140961442
CSF3,-1.0918146791731
TNFRSF1B,-0.185140400965055
HRC,-0.739829174548192
ASPSCR1,-1.33962730139316
ECHS1,-0.830621564612532
OMG,-1.14541111651608
MSTN,-0.449486156357481
JAM2,-0.111170339124796
CAT,-2.2329675892084
COQ7,-0.917841061002967
BMP4,-1.13589765482699
IL6,-0.177545342202219
BLVRB,-1.34490811054678
SERPINB6,-1.27004606660515
PTP4A3,-1.40324969665699
PMM2,-1.03397590572587
SORD,-0.546596740637473
CHCHD6,-1.07864637547609
FGF23,-0.103176465624511
LMOD1,-1.32046988530608
MB,-0.496378309014019
CEACAM19,-1.59452073946504
PNMA1,-2.09140983455179
SFTPA1,-3.16009377289433
TNFRSF9,-0.193276004921574
PALM2,-0.485401549974095
GOLGA3,-1.45657144845576
ADGRG2,-0.22760184818665
SUSD1,-1.41338941663049
GIP,-0.0423798148461866
S100A4,-1.48297825416226
LTB,-3.50480560354348
PHACTR2,-1.23619524023509
TOP2B,-1.0825258693813
NTRK2,-1.22824774894247
LRTM2,-0.694390738877122
LYZL2,-2.98457192470957
COL24A1,-1.19584823917626
ADH1B,-0.401545613610468
TRIM58,-1.66264939977167
CRIP2,-0.559019069846365
STC1,-0.00334509805112345
NUB1,-1.06366321902129
CDH3,-0.665108771292229
SCGN,-0.788440747359867
CSNK2A1,-1.62616328388986
PTH,-0.409087892355125
HSPG2,-0.171684442152845
SLAMF1,-2.3229720927827
ADAMTS15,-0.659224406834047
S100A11,-1.43035590558669
PGF,-0.348373734840907
CDKN1A,-1.08532707736283
TRIAP1,-1.42852711483098
PRTFDC1,-1.79276435614144
LBR,-0.351146525122106
CNPY4,-1.40560418956932
SIT1,-0.386806610446901
BGLAP,-0.0788322246229406
SULT1A1,-1.40600120218961
FURIN,-0.34713639600902
SERPINH1,-1.30625100390323
SKAP1,-0.922248589442047
BRDT,-2.85629592897365
GSR,-1.13981151615072
DCC,-0.919250846820881
GFAP,-1.24861004555928
RUVBL1,-2.98038720618403
PPP1R14A,-2.07665776570898
PRKG1,-1.6222377424955
OPLAH,-1.49585411600189
EPHA2,-0.0927626114956005
SDCCAG8,-1.29386101033981
WARS,-1.11817210626166
LACTB2,-0.665825033238697
DCTPP1,-0.771981153080638
NPDC1,-0.170871242212434
VEGFD,-1.72131389686112
IL1B,-1.24992663536974
VSTM2L,-1.8071943317878
FST,-1.09498588338069
TREML1,-2.20502604737338
ADM,-0.178257144251716
HJV,-0.487970696857798
ASS1,-0.831056488263678
IFIT3,-1.71300414114244
SUGP1,-1.37564920719025
DEFB4A_DEFB4B,-0.852232311951263
FKBP5,-1.35418452617145
FABP1,-0.481444337135882
SEMA4D,-1.34598688289513
TNFRSF12A,-0.0320663156563971
PTN,-0.730798862915699
ENO3,-1.17409304432885
EDN1,-0.363103334260938
CPOX,-1.47701937455665
PLCB2,-1.58480532967308
MTUS1,-1.6028462523012
KYAT1,-0.757946679596668
PKLR,-1.68901392257842
AREG,-0.303966573538592
IDS,-1.76816370483113
RARRES2,-0.0430965525302468
PFKFB2,-0.860364504897479
CALCB,-0.566911609091609
PTGDS,0.224599888122881
PRKAR1A,-1.2178797383549
LMNB1,-2.31114305127966
ICA1,-1.23094842659174
REN,-0.229391027588651
KLK6,-0.550349335533855
TIMP1,-0.357923209170153
WNT9A,-1.05644891807245
PCOLCE,-0.453120864487039
DNAJB1,-1.10638389874763
SLITRK1,-0.239294938113191
IL7,-1.50691580636342
FGA,-0.269836547225345
KRT18,0.388918295178915
HEXIM1,-0.727653173647267
PAG1,-0.307991755857518
SPRY2,-1.5129002538856
HAO1,-0.0703710665288117
C9,-0.552923233554629
TIMM10,-1.68434121487946
LSP1,-1.07001955472083
ZNRD2,-1.34604625579456
DNPEP,-1.97510388723477
VSIG10L,-0.766427638050905
ITGAL,-2.26729861703287
MAPKAPK2,-1.5420175397932
LZTFL1,-0.773647578085946
FOXO1,-1.29919166388094
BCL2L15,-1.56070950606549
CRACR2A,-0.721479685957431
GP5,-1.37138583172607
PTPRN2,-0.331255698931476
MAP4K5,-1.00761200689712
APRT,-1.69437944468924
NFKBIE,-1.36937521655034
MCFD2,-0.686262356962681
LONP1,-0.629629259239087
TNF,-0.336801902251956
COMMD1,-1.31203580520874
NOS1,-0.522241144019061
IFNL1,-1.74029924476633
IMPA1,-1.77413805701548
ACRBP,-1.44165795294039
HS1BP3,-1.36375719757789
PDE5A,-1.2351368193383
WWP2,-0.892247208148793
ADD1,-1.21071448059127
SNED1,-1.72342953311653
IGSF8,-0.379443030285632
GAST,-0.145355309581062
CRYZL1,-1.22782084749581
SLAMF6,-1.00842471904364
F11R,-0.378412863094046
SLC16A1,-2.3536144298393
INPP5D,-0.832358076528112
CHMP6,-1.21226088930882
EGLN1,-0.581094812089319
CD69,-1.47589633785714
ATOX1,-1.13440609794159
SIRT2,-0.977456004137245
DNAJB6,-1.68561865402551
HPCAL1,-1.51625796278665
RNF5,-1.54253545759247
TP53BP1,-0.316369942031737
DDT,-0.390493354833207
FLT3,-1.82522145307194
CEMIP2,-1.32116195480171
APOA4,0.316305965848536
VSIG4,0.206717797875679
FIS1,-0.724591262765963
SERPINC1,-1.77272181212289
PTPRK,-1.15692277448348
F2,-1.89811509112939
HMBS,-1.22619261410311
ADAM12,-0.655335820506542
CASP10,-1.47887722753525
PDZK1,-0.538666272068348
TYMP,-0.306245202761685
NPPB,-1.27142217316651
AP1G2,-0.833030905214634
TBCA,-1.20502888894771
TGFA,-0.316723718934437
SWAP70,-0.701412580728685
PRDX2,-1.669296572707
RTBDN,-0.708014898917871
GIMAP8,-1.82851664667589
CD93,-0.266430058962365
ADH4,-0.315581262964449
FOLH1,0.0308244499783968
CABP2,-1.20396925878002
CXCL17,0.000856864887159535
FTCD,-0.146565647871614
ACY1,0.249959870883747
PSMG3,-1.08512631817763
CFC1,-0.356914402772333
TNFRSF1A,0.0805687376624158
NECTIN1,-1.55946814465771
EHBP1,-1.22605680791691
CD46,-0.230172740046887
CXCL13,0.11484712809754
RLN2,-0.90968897258288
SHISA5,0.441104307663907
REEP4,-1.64423942269394
GMPR2,-1.52924925544389
VASH1,-1.28884754368603
CD99,-0.752602045835109
THSD1,-1.00979879891871
IGFBP6,-0.125764484209101
EHD3,-1.2943106628232
APLP1,-0.438377004838253
TMPRSS11D,-0.65406744798708
TBL1X,-1.41877998112402
LAT,-1.23310445208225
INSR,-1.69431964997214
PLXNA4,-1.06928711736645
PARK7,-0.856094333506696
RAB44,-1.51249434933769
FSTL3,0.221612617722234
FABP3,-0.190078853166722
DCXR,-0.231583541280927
GCHFR,-0.469070124694774
SLC39A14,-1.44869840760097
SDHB,-0.941209501371544
DNMBP,-0.622585179465505
ESYT2,-1.4652255429139
PACS2,-1.10135461524583
METAP2,-0.870302167801905
M6PR,-2.93756290574008
NFATC1,-1.00318946667573
CKB,0.457785891555504
HSPB6,-0.573406987898116
SERPINB9,-1.56992384145186
PRKRA,-1.03809224938734
RBPMS2,-0.867821362220668
IGFBP2,0.309011677974506
STAT2,-1.00036007292784
FCER1A,-2.05825409313696
WASHC3,-1.39686084960779
MTDH,-0.943832156685797
EIF2AK2,-1.06831009648295
PTPRR,-0.424546006165681
SERPINA1,-1.26531441626048
FKBP14,-1.48209620261436
PLXNB3,-0.880315037531797
TGM2,-1.66738695314203
SLC9A3R2,-1.15747120980361
NFU1,-1.04545523739337
AHNAK,-1.21684903594682
AFM,-0.0628917594581533
FSHB,-1.06971290774457
TBCC,-1.31160757827053
C3,-0.336165552643015
HSPA1A,-1.05123280942061
GABARAP,-2.26023770150718
ZNRF4,-4.87189295749829
PMVK,-1.55850218301947
PRKAB1,-1.12459107126851
NAA80,-0.949906598189623
EDA2R,0.312680280367988
STX3,-0.910296775174286
USP8,-1.09041757529605
CCL20,-0.004102601549392
RBM17,-1.49906230716858
BAIAP2,-0.321982554894128
PSMD9,-1.12742718475405
MIF,-0.196063891557775
RGS8,-2.56513058543763
CEP20,-1.20387347745696
SNCA,-0.819655764262181
IL17C,-0.703941858649711
CHAC2,-1.35348227549246
ATP5IF1,-1.17071735881977
MTSS2,-1.18405154919025
EZR,-0.514543682033575
CBS,-0.710510470501178
NBL1,0.53713097211848
CACNB3,-1.52136105154994
OGA,-1.51012004291538
FAM3C,0.150378628794118
DNAJA4,-2.10161921094869
LAMP1,-1.19582406750461
HMOX2,-0.611571289759203
CA1,-1.00742887923051
SNAP29,-1.15896542523756
WFDC2,0.361063392072062
MDM1,-2.68598546374079
IPCEF1,-0.697212700996052
PGR,0.00743522090992008
FKBP4,-0.633972254285563
APPL2,-1.20623587974846
ARHGAP1,-1.93409105363655
CLU,-2.06328718515951
TBC1D23,-1.38926223242284
AKR1B1,-1.39348515903787
GLRX5,-1.23045879176614
FHIT,-0.978328651896756
SEC31A,-1.34929954631252
PARP1,-1.03131723483976
CLIP2,-1.40217104292686
SIL1,-1.24205180417148
COL6A3,0.189332438943483
SPTLC1,-1.76842752703925
VAMP8,-0.959458454711901
EFCAB14,-0.392421229360505
ANXA3,-0.883467568562485
C5,-0.981414938679406
GOT1,-0.839962827980829
TRDMT1,-2.77390898748048
GNPDA1,-2.12747339303266
CALB1,-0.266877451866054
TALDO1,-0.571365582001531
PAXX,-0.504119207750136
TNFRSF14,-0.063465375803368
CEP85,-1.09303411430368
CACYBP,-1.29432309046827
ELAC1,-2.04147360567021
SSNA1,-0.794401139445514
KRT19,0.112137547310011
SRPX,-0.869892291293978
MCEE,-2.58581114240232
TXNDC5,-0.730818589093427
RAB2B,-1.24012647139018
RNASEH2A,-1.34287616276955
PSTPIP2,-0.81321161421258
GGCT,-0.990611825616979
PCDH7,-1.24757200339545
MINDY1,-1.54124947860237
HCLS1,-0.604466189731464
CASP7,-1.10080655716003
BANK1,-0.948803921362148
SPINT3,-1.43030051223469
EEF1D,-0.215479141581697
SF3B4,-1.15096750829041
C19orf12,0.0280491843280185
CHRDL1,0.184524306199907
RWDD1,-0.7139681230036
PKD2,-0.782164382883241
DTYMK,-0.734162420133048
PSMG4,-1.05477380966557
MYH9,-0.947402078436557
CASP3,-1.50712861178207
RBP2,0.128467099707879
PAFAH1B3,-0.00281791522098039
KIFBP,-1.2195970586272
MPIG6B,-1.4950431807264
CCNE1,-0.0288450973236492
AARSD1,-1.15520402802007
ALDH5A1,-0.5143490601523
PGA4,-0.662826193653404
IL22,-0.493838463539443
DUT,-0.940238879130156
AIF1,-1.59079177024524
NUMB,-1.46779859406468
CMC1,-1.55761760470617
MAPRE3,0.366058474227075
KIF22,-2.02668746747728
NOS3,-0.202699965176689
TLR4,-2.37753582915466
FAM172A,-1.25706785498967
L3HYPDH,-0.840583934925567
RABEPK,-2.55341734048565
DAAM1,-1.0970783340913
LSM8,-1.21624559961424
NT5C3A,-1.96506317942723
MANF,-1.73289317209802
LATS1,-1.19514589986088
OMP,-2.96909212871988
TMSB10,-0.633423784756452
FXN,-1.27970911191135
TNFAIP2,-0.836065548712802
ANXA1,-1.65028783061785
NFATC3,-0.546473774328154
CHCHD10,-0.434944590769692
BECN1,-0.28593974300689
NT5C1A,0.019002392940508
PKN3,-3.89255614083726
ARFIP1,-1.85435533558653
SNAP23,-0.392223983085537
MTIF3,-1.53952530887487
SERPINB1,-1.2654724564518
CES2,-0.193693936540583
PPP1R12A,-0.376577973539426
P4HB,-0.44212714040705
CDKN2D,-2.32629224625687
FADD,-0.998393377597377
RILP,-0.634983881231499
MECR,-0.795359149791894
PSIP1,-1.12506909717183
MAD1L1,-0.209585844975628
AGR3,-0.556751881312679
SCAMP3,-0.975201531114761
SH2B3,-1.26307045343528
HHEX,-0.541687330522113
RTN4IP1,-1.07659319091929
SARG,-0.988712911536333
RNF43,-6.95314370795338
SRP14,-1.14021940664677
ACOT13,-1.12774175149392
MYOM2,-0.570594999599179
MYDGF,-0.388945967007407
DARS1,-2.02505521264052
TOMM20,-0.856269852758009
OCLN,0.226828838415133
ELOA,-1.23747258813451
RRM2B,-1.47585599551908
CIRBP,-1.55997903100638
SH2D1A,-1.0719424920051
GLT8D2,-1.20019161780963
DECR1,-0.671176976338232
LRCH4,-0.716800555267417
BIN2,-1.33706090934907
ITGB1BP2,-0.850836376277905
PRDX5,-1.19477408285688
BAG3,0.335094984516679
CRADD,-1.24371214434136
BID,-0.772106674787171
KLK3,-0.442126547397555
SCRN1,-1.98229776743011
FYB1,-0.711310588506681
MAP2K1,-1.58598649043323
TIMP2,-3.49019217508788
HDGFL2,0.15292642590442
NSFL1C,-0.464002825643115
OGFR,-0.644433999071785
SNX5,-1.43457517180815
GNE,-1.03009307775577
MMP13,-1.40625761961514
TYRP1,-2.5650848578171
FGR,-0.674975926831831
PLAT,0.131317928649833
PEBP1,0.0250416541086081
EIF2AK3,-3.58584774685202
VTI1A,-1.02213626779671
ALDH1A1,-0.18020320975684
COX5B,-1.0308164214818
DUSP29,-1.0152303793487
GATD3,-0.987978665044805
EFNA4,0.396872854730619
SCRG1,-0.379682909622294
NFKB1,-0.924731413040925
HS6ST2,0.016453173245016
LRRC59,-1.26815265023212
MGLL,-1.03160676053012
MSRA,-1.05743178505526
TXLNA,-0.674164985381139
CEP43,-0.430896574752188
SEPTIN8,-0.611099000433414
PIBF1,-1.3219632164134
ACAA1,-0.061847382272617
PCYT2,-1.65248385788411
NEDD4L,-1.2236129875197
STK11,-0.836133454685318
FES,-2.03544240184358
SMAD1,-1.00535945311104
GADD45GIP1,-1.05774626056852
STAMBP,-0.611843182864192
TXNRD1,-0.519034076725213
RAB27B,-1.09080195430977
IST1,-1.40582857887601
LYN,-0.966937057660304
GPI,-0.48581341441127
EVI5,-0.705844567057804
MAX,-0.955910173444753
TPD52L2,-1.30070824128893
DRG2,-1.41488153872588
GRPEL1,0.0297767458610508
CDH23,-1.83682371081439
NIT2,-0.792934207233753
S100A16,-1.48448586539118
HNRNPUL1,-0.596936923701914
PDIA4,-1.40730671068911
SMTN,-1.11428768486466
CDK5RAP3,-2.24342525441875
DAG1,-0.742511773116719
CHMP1A,-1.61272677202028
SV2A,-2.01192858085911
PCARE,-0.841795182621533
S100G,-1.02367612571595
CRTAP,-1.20124760989858
PPIB,-1.18263620798508
ANXA4,-1.12872406690452
MESD,-0.784751351198816
CSDE1,-0.118196274242029
RABEP1,-0.743863437108888
JPT2,-1.46671148896837
NPPC,0.38861770426724
VAMP5,-1.12172958506388
SLC9A3R1,-1.3679486696681
AGR2,-0.0988579309160016
ANXA11,-1.01893788388664
CC2D1A,-0.464899655499341
PPP3R1,-1.34533521191842
IKZF2,-0.536134481360683
CXCL3,-1.21255183279467
NUDT5,-0.543950490223527
EBAG9,-0.833315664710456
PPL,-0.156444516748517
DGCR6,-1.41778020847674
CNP,-0.543495676966154
BCL2L1,-1.82632832916486
TBCB,-1.32572223324149
ATXN10,-1.25584131578443
ADAMTS4,-1.49512023100548
PPP1R2,-0.425177563049437
TMED8,-1.3288336195035
STK4,-0.636120602517034
STAU1,-0.823242580279086
RASSF2,-0.729467678702732
CERT,-0.808943178947319
PPM1F,-1.16188186809102
KDM3A,-0.000984543931329701
CASP4,-1.96455104661815
SRPK2,-0.524132728127113
EFNB2,-0.867288991326342
DNAJB14,-1.31736674976017
ANKMY2,-1.39385235819657
SKAP2,-0.771143507164587
TXNDC9,-1.19820794407266
GCC1,-1.43186005806094
LMNB2,-0.116145005495382
MCTS1,-1.19354359613864
DNAJC21,-4.43402108827362
NFE2,-0.913749429827777
PRDX6,-1.26896035501747
INPP1,-1.02104124803026
YES1,-1.10119985678905
DCTN1,-0.792342418506262
SERPINA7,0.405277470680558
FABP5,-0.19328953124188
ARF6,-1.62212362211509
SELENOP,0.351275526036295
STIP1,-0.102454853954981
EIF4B,-0.768285813204698
RGCC,-0.816976090147542
ENO1,-0.444177208036156
EIF4G1,-0.23004571520016
SLC27A4,-1.25693169681637
TDP1,-0.625182742730659
SLA2,-1.55164855215401
UBAC1,-1.20502939475051
EPHX2,-3.37733002370445
LDLRAP1,-1.35721093226403
RILPL2,-1.42669598713492
NDUFB7,-1.1001596463557
TIA1,-1.36697532204001
CNPY2,-3.01583403157337
NEFL,-1.05425923197547
DDHD2,-1.09732979366436
NRGN,-1.16862904802966
VTA1,-1.0527332576593
CXCL14,0.524021274528099
FLI1,-0.83013689208254
TWF2,-1.11101052624046
CALCOCO1,-1.13276791602965
IQGAP2,-1.5654357312918
DOK2,-0.801574892698835
MRPL58,-0.469121319057583
KCTD5,-0.111487098962221
SNX9,-0.576518438936381
PTPN1,-1.0652451934961
MPHOSPH8,-0.929563434962062
WAS,-1.63603446630689
HAGH,-1.17924757013644
GLOD4,-0.681579378331421
PRL,-0.568131622626511
SCG2,-0.0299380669448733
DFFA,-0.755597540699605
TSPYL1,-0.983909785798676
BAP18,-0.869090299998985
YOD1,-0.619648364904601
HARS1,-0.94610077183843
KAZN,-1.24274445473312
UPB1,0.0525589150868474
ARHGEF1,-0.809762560184957
TST,-1.48034622994248
RHOC,-1.26018467428477
PRKAR2A,-1.03355849706393
CIAPIN1,-0.748695630094314
MVK,-0.21180530828573
TNFAIP8L2,-0.882868745410238
PLA2G4A,-0.932428649430078
YWHAQ,-1.04444110553618
CASC3,-0.776466746471585
GORASP2,-1.31523125655171
BLNK,-0.766528325281267
GLA,0.215958876947563
ERP29,-1.10883427213734
CLTA,-1.23380888271462
RP2,-1.11159923144865
YTHDF3,-0.749480290016456
GKN1,-1.74273262174162
SMNDC1,-0.641747238505308
ATP6V1G2,-4.37061135812399
GOPC,-0.643405821368721
GCG,-0.451794763549392
EIF4E,-1.07054027245071
DAPP1,-1.21105738670827
MDH1,-0.644328935885744
UBXN1,-0.467230596149377
DIABLO,-1.14002485152696
ACTN2,-0.0617419152612267
PDAP1,-1.44210801721635
PIKFYVE,-1.22713066740427
PDLIM5,-0.941905935039341
FABP4,0.484262633112434
SESTD1,-1.35124799218397
TNIP1,-0.919296195398988
MAP2K6,-1.04535143915334
IMMT,-0.426926437258865
ARHGAP25,-1.46103430215655
IGFBP4,0.711766564624679
GMFG,-0.890379838147662
AP3B1,-0.248798786615041
CNTNAP4,0.0770260469997366
HTRA2,-1.3183811501606
METAP1D,-0.733836365027377
INSL3,-1.51112778484045
PTRHD1,-1.02968997951012
UNC79,-0.73477781359314
ENAH,-1.38090977978851
ABL1,-0.409175334158595
ADGRV1,-2.92593123441013
OXCT1,-1.3556218135564
GET3,-1.72123672337548
AIFM1,-0.0262349556005903
UFD1,-1.37748022170643
SYTL4,-0.911625102567138
YARS1,-1.23091827894877
MAPK9,-0.783318224608179
MITD1,-0.904276565755197
NEXN,-1.09048945565107
MINK1,-1.82822824054002
BOLA2_BOLA2B,-0.431778631059133
TAX1BP1,-0.733893732570155
IL10RA,-2.94761147943802
SNX2,-1.17065276098204
MICALL2,-0.795546919698752
CETN2,-1.14222412746757
PLEKHO1,-0.642865657725247
TGFB2,-2.83549432233422
STAT5B,-0.947036532259899
TRIM21,-1.32646396169264
DBNL,-0.849408226167841
STXBP1,-1.43015892260344
DCTD,-0.884816294632818
NARS1,-1.42185405797447
FKBPL,-1.28252989645494
LAMP2,-0.0245354867100394
HNRNPK,-0.569205637829228
IGFBP1,0.530862234153295
TRIM24,-0.576548055899281
PADI2,-0.576022953231348
CASP2,-0.993998530715933
XIAP,-1.50414958575364
PLPBP,-0.519098784154428
IRAK4,-0.897753340820275
OTUD6B,-1.21461752647004
WASL,0.913863350735445
USP25,-0.799163275541653
TXNL1,0.014762932510867
NUDC,-0.502885941867817
CDC26,-1.38622959267063
SLMAP,-1.16663344163408
CDC37,-1.00998695221461
VTCN1,-1.13087599866406
RAB11FIP3,-0.847300842919148
VPS28,-1.35445222376048
CARHSP1,-0.84549802811606
IL36G,-1.4688749516693
PPP2R5A,-1.01671284444957
IL20RB,-3.2883513334744
MARS1,-0.964830316686773
SOD1,-0.454443041368921
DAB2,-0.899175616094964
HGS,-1.09572810193098
BRAP,-0.921063616422749
TSPAN1,-0.263361204932796
F9,0.388566173066593
TSC22D1,-1.34377717214622
SYAP1,-0.578889891511634
PCBP2,-0.979099538835652
LAT2,-0.899804434319472
PDLIM7,-0.6085182030613
MAVS,-0.755280482778921
PLIN3,-0.280010195787857
ARHGAP45,-0.800445300659024
CEBPB,-0.561688928387405
CNST,-0.516642765032696
VWC2L,-1.0943004749977
SPART,-0.848652799457964
GART,-1.88927578642801
XG,-0.529740022070318
CORO1A,-0.923382571654279
SCT,-0.518093074773828
IFNG,0.242162141494576
ZNF830,-1.87303347427568
TARBP2,-0.867256361464884
VPS4B,-1.32287864459907
DCN,0.0208656648855438
GRAP2,-1.08706930014811
AKT2,-2.03912157225374
USO1,-0.826215502748328
GIT1,-1.03435954171807
HIP1R,0.137059399259732
IGBP1,-0.223371008539908
POF1B,0.475589662419708
VAV3,-0.831567525333122
MYBPC2,-0.433272070726153
AKT1S1,-0.581675158728466
SUGT1,-1.00714734778476
CTF1,-0.725100312936504
IL13RA1,-0.48577293215922
RGS10,-1.36588178167776
CA2,-0.468905455167504
DPY30,-0.0493568397279187
FOXO3,-0.698784326294522
SMPD3,-0.297278856196264
TRAF3,0.183686127242447
GPD1,-0.11217061357267
TRAF2,-0.291781512901927
GBP2,-1.3034463842559
RFC4,-1.22887875414938
S100A3,-0.451870269250937
OTUD7B,-1.0319638267124
NOS2,-0.484817803170874
RBP1,-0.164333526534973
DNAJC9,0.0455580430099158
GAS2,-3.99976052268656
TRIM25,-1.11461320428857
MAGED1,-2.18186701935942
TCOF1,-0.336368107907302
PSME1,-0.516035364751432
RAD23B,-1.73444832830007
GNAS,-0.648317093131908
LEP,1.30295624806677
NMT1,-1.1292569953632
AK2,-1.10636133297295
BCR,-0.662099792232764
PPIF,-1.04431661835589
ATG4A,-0.639331346748129
GTPBP2,-1.07092216349592
MED18,-0.949282969620116
RABGAP1L,0.291573158609381
EDF1,-1.72671424277954
NBN,-0.601030260107987
VPS37A,0.00829861373145032
STX8,-1.29841299374611
FUS,0.393478355021243
RAB10,-1.0696419073165
NENF,-0.0278902962962444
ATF2,-1.50127556447702
ATG16L1,-1.16962967926155
RRM2,0.644392318934102
PALM3,0.241709528461477
PHLDB1,-0.295517640500591
PPME1,0.0792721560299861
ANXA5,-2.52304498894804
LYSMD3,-1.1973048761473
HSPA2,-0.419984273803759
GTF2IRD1,-2.80787068470248
CIT,-0.89081246092928
SEZ6,-0.645429660139309
GRSF1,-0.290756152525645
SMAD2,-0.982180650217689
CSNK1D,0.0471055569591357
PNPT1,-2.72735321717582
BCL2,-2.97752767555018
PPP1R9B,-0.404586901425875
CAPN3,-0.452032695108997
TK1,-0.667595401148294
ATP6V1G1,-0.929374248143487
HADH,-1.7818111541679
C2orf69,-1.8360795477548
GPR158,-0.443606685663325
IMPACT,-0.205624633720006
TIGIT,-0.482278043713763
FNTA,-1.8448254780666
SYT1,-0.569340833836323
LRRFIP1,-0.384401225789724
CSRP3,-0.00613561730250361
FOXJ3,-0.311428247816461
PTGES2,-0.933232359532686
VASP,-1.06538369949509
ST13,-0.385414789721731
LTA4H,-0.757317837272617
LPCAT2,-0.661412754696823
C9orf40,-1.45446167322235
PPP1CC,-1.47619435703696
ERBIN,-1.18215926521027
VCPKMT,-0.749491489370617
SIRT1,0.357869742186966
DDI2,-0.842481548650239
AP2B1,-0.603621992518428
FARSA,-0.927953318776787
VGF,-0.0966783348156134
DNAJB2,0.0883889213740759
NGRN,-1.26415661311634
CASP9,-1.68122491031049
TJAP1,-0.218365965719005
BAMBI,-0.746764169349004
PSME2,-0.42522392826782
DNAJA2,-0.267034157764762
PRDX3,-1.01270870298735
BAG4,-0.454401323762235
CLPP,-0.788442369352513
AKT3,-0.964016608174746
AXIN1,-0.233456072399039
ZBTB17,0.0669283954675137
DOK1,-1.21603553312798
RPA2,-0.902962112121003
PAGR1,-0.596075708509075
GIGYF2,-0.487491501510687
ATXN2L,-1.33791808146233
LRIG3,-0.106558454497787
RALB,-1.25315816415761
IGHMBP2,-1.11991243600982
INPP5J,-0.739616107304281
BNIP3L,-0.528733949316443
KLHL41,-0.127091935779156
RAP1A,-0.413370883342147
TIMM8A,-1.93384966506418
PTPN6,-1.28506271122044
TXN,-0.916241868386788
AMOTL2,-0.787617503709007
CDC27,-0.899184496720019
RELB,-1.02548929117082
RCC1,-0.892787707783484
DBN1,-0.358989386424941
PRDX1,-1.37081618772052
BLOC1S3,-0.812209525127524
ILKAP,0.050963005014704
MMUT,-1.59652849450588
CSF2RA,-1.70387841958105
PLSCR3,-0.766584411289126
SUMF1,-3.28962688042132
NEDD9,-0.746825161368224
LAP3,-1.2642224569123
USP28,-1.66841527512393
CCDC134,-1.11533144279484
PHOSPHO1,-0.272916902336625
SEPTIN9,-1.34903044591417
VPS53,-0.322173915036777
CGB3_CGB5_CGB8,-2.12002074351249
CLSPN,-2.09767825261945
BAX,-0.674390874883965
BIRC2,-1.16448953668269
ABRAXAS2,-0.812272944881156
GUCY2C,-3.15863739851897
RANBP1,-1.25993750014409
GLYR1,-0.770806976985707
COMMD9,-1.28598104312838
IL12RB2,0.379213328329611
STX4,0.348127314165361
TTN,0.566922733075833
NCK2,-0.674460820215107
CWC15,0.0881122258180456
DLG4,-1.00626481391049
CEACAM3,-1.78778652847576
ERI1,-1.08973141341282
TBC1D5,-0.706758101243918
STX16,-1.27701791759249
CRKL,-0.854927095191533
SPRED2,-0.980208713565172
STX6,-0.38581382793153
CACNB1,-1.14023094667365
ITIH5,-2.35028598557065
CEP170,-1.35618982590446
CAMSAP1,-0.462153571530737
AMBN,-2.24096284343646
ENPEP,-2.96351400478123
BACH1,-0.706704326929623
LETM1,0.535785604062239
CMIP,-1.38655026001305
PAFAH2,-1.76349966325171
AZI2,-0.633382284517421
RALY,-1.34185902796927
ARNT,0.474012323694503
FKBP7,-2.34913217449159
STK24,-1.00317233828602
IRAK1,0.166446495146638
PBXIP1,-0.31328460187287
MTSS1,-1.36271922917336
SLIT2,-1.53005357045211
EIF4G3,-0.352829497595067
C2CD2L,-1.7209831462914
ENSA,-1.72574337896513
NECAP2,-1.07726227948046
RPL14,-0.784939781188152
PPP1R14D,-0.443854993727815
RPE,-0.65867349544176
CDC42BPB,-0.248392445406079
H2AP,-1.76200843581379
OPHN1,-0.610194196771301
TAB2,-0.620837890890307
SNAPIN,-0.670795217094566
DUSP3,-1.49186450352472
DENR,-1.26939768462547
NUBP1,-0.434279938403048
DGKA,-0.421031122837569
TSC1,0.497845218330994
AKAP12,-0.992254104360768
TADA3,-0.973386673574053
IRAG2,-0.351609777790083
IL13,-2.84156819761076
AP3S2,-1.30218477799633
ARL13B,-1.39591658799826
CHM,-0.407514071517077
RBFOX3,1.10906752051308
SPRING1,-0.221646860657244
EIF1AX,-0.385200892082769
LARP1,-0.82839074541213
LPP,-1.2902923957497
NTF4,-1.07697575106602
MZT1,-1.23155027756563
PAK4,-0.465769952078363
RRAS,-1.0094316456749
INPPL1,-0.333849759280138
TANK,0.0559631427203577
USP47,-2.78236368475786
KIF1C,-0.474749470740388
MYL6B,-0.115281552973904
BAG6,-1.75623969380574
IMPG1,-2.1507477251753
EIF5,-1.53603494877619
GFER,0.623467831408179
CGA,-0.00248331237524802
ACOX1,-1.23733734685136
SMS,-0.455554164910015
SEMA6C,0.55037588575992
ACTA2,0.273416281260565
DCTN2,-1.60997737876475
AIDA,0.203467781487535
MAP1LC3B2,-2.49481551525683
MYLPF,-0.445694920924795
TPM3,0.0121521579828299
RNF41,-0.0511028140890705
PPM1B,0.154280061961779
KLF4,-0.627578753087165
UGDH,0.0936226410645711
NEB,-1.20051639507324
UBE2Z,-0.0950859316037364
CDK1,-1.2432736417652
TPR,0.116158100895848
HMGCL,-0.6800800658453
SLC4A1,-1.68006558632884
IL2RG,-0.86417749636169
MMP15,-0.535133586044854
ATP6V1F,-0.589600380656001
COX6B1,-0.190523310734688
TIGAR,-0.24624270649145
GCLM,-0.629681669389507
MAP3K5,-0.237541937543617
PRUNE2,-3.92665903757741
SHPK,-2.07877426001952
DCTN6,-0.679156947081675
DCUN1D1,-0.0619085960087189
FGD3,-1.06735402250203
UNC5D,0.363826203304489
RBPMS,-0.525413420782123
NCLN,-0.0101151721478845
ZHX2,-0.0621395189168962
RAPGEF2,-0.0424956598746297
PDIA3,-0.707645363286647
ESR1,0.249339801241313
SHH,-1.28561665950396
NEO1,-1.10190075517928
YJU2,-1.11071720616345
LYAR,-0.229108734855287
ARHGEF12,-0.16276409579955
FEN1,-0.52216879832729
SNRPB2,0.802642708750479
C1QBP,-1.2772583118177
CDAN1,0.620642714314132
PPP1R12B,-1.16058302797099
EIF2S2,-0.329195885529346
MORF4L2,-0.248688506338604
ING1,-0.254295198275341
ANXA10,0.340519662212179
PARD3,-1.19859957821614
ATP2B4,-0.126282692814244
EXOSC10,-0.800592889359183
ST8SIA1,-0.0105886365080976
MYO9B,-0.29983726626134
ATXN2,-3.51154751507266
CEBPA,0.0138833216803572
HDAC8,-0.140175501182295
CCT5,-0.680290670976294
TP53,-0.191382896892682
ABCA2,-0.452423495590374
ELOB,-1.20781625882476
IFT20,0.00934041861312571
TEF,0.511323500347346
STXBP3,-2.46623452598365
PLIN1,0.413600485201131
CLNS1A,-2.05401341264043
DEFB103A_DEFB103B,-2.91334779672683
CLEC2L,0.219662063949407
ANKRD54,-0.562766190181464
SRC,-0.452834765199517
CALB2,0.0304880320548899
CLASP1,-0.55085632879621
NEK7,-0.931437880156302
MPRIP,-1.53593589764359
ALDH2,-1.62235666141535
CA8,-1.22447699233846
MNDA,-0.11739046122513
POLR2F,0.384765314979278
ADRA2A,0.640955661705913
TXK,-0.770397643524955
MTR,-0.690177603793824
EIF4EBP1,1.15854630746714
NDRG1,-3.59569894737255
PAIP2B,-0.381681152947001
AHSA1,-2.02691381736135
SORBS1,0.326246748579693
TSPAN15,-1.22564187562362
TSPAN7,0.492176098563282
ERC2,-2.00444884584247
MYCBP2,-1.25944706831976
PDP1,-0.770445330418212
NAA10,-3.16951101419131
XRCC4,-1.07998642658396
CLSTN1,-0.636779751562735
TPBGL,-1.06338222112838
CENPF,-0.398517591644197
RNF168,0.401968825601371
NFAT5,-0.353686932976138
IKBKG,-0.211528309688451
SSH3,-2.84352309782128
CD2,-0.503116006527308
ARAF,-0.466441118799827
PPIE,-2.21430188733181
WDR46,-1.0952573571205
ATP1B1,0.221117484644061
MANEAL,-4.31417117525334
RAB39B,-0.581726030635004
SLIRP,-1.24670056620036
ATP6V1D,-1.23465405275597
OGT,0.295256904586076
DMD,0.131639804962062
PLCB1,-0.272559653564893
PTK7,0.487271141025202
ENOX2,-0.898905231324166
FDX1,-0.79996564909154
GAPDH,0.780813798915256
NFX1,0.633014678400513
HTR1B,-0.434177123496794
AK1,-0.0226764807666476
ADAMTS1,0.0943252728256981
RCOR1,-0.499421046968914
ZPR1,-2.0726722311239
COPB2,-1.96443811833177
RAB33A,-0.343205299845397
SPRR1B,0.376810377950239
NRTN,-1.61158760928309
NPR1,0.362314629025939
ACSL1,-1.59165135684386
BCL7B,-0.484770801077979
FH,-4.61517010113574
STOML2,-0.56593452328898
KIAA2013,-0.256874551702336
MFAP3L,-0.982542146936109
BNIP2,-0.703412591850682
IGF2BP3,0.501445302605508
UBE2B,-0.598621256949999
HSD17B3,-0.18258230414093
RNF4,0.51311120361381
AKR1C4,-0.230526874464149
NOP56,0.287945645859986
CHP1,-1.03970404699096
LIF,-0.585051511959578
LRP2BP,0.0656064979441812
TMCO5A,-1.43080507477141
LRFN2,-0.911896043271191
IL2RB,-0.00451406749643867
ARNTL,0.0774369690543245
GAGE2A,1.36441621405047
TRIM26,-2.28261587297726
SLC34A3,-0.421218947594952
GABARAPL1,0.158035442155442
KRT8,0.66632602054947
ARHGAP30,0.363966485529124
TFAP2A,-0.490669917112811
VSTM2B,0.174351890990114
IL17A,-0.427443018757729
CEP164,-1.22407511139316
DDX25,-0.783190060144661
FRMD4B,-0.369322543883035
SLC28A1,-0.746469635443155
CSPG5,-2.21176699937252
IL4,-1.48335422743483
SAP18,-2.06826012810224
PCNA,-3.34922303893737
ENOPH1,-1.53974709266766
MED21,-0.221073423426785
REXO2,-2.47103165067939
CAMLG,-2.1787316997036
SART1,0.0417387535150064
CEP152,-1.47556177815274
ALMS1,-0.262594279350744
RANBP2,-1.09275023118122
ECSCR,0.328821182000554
SCRIB,1.25853757221709
SSB,-1.04585515024017
PRKAG3,-0.457970154670547
TDO2,-0.686265623922573
HSP90B1,-0.0638170970083442
CCND2,-0.677888055459162
RANGAP1,0.217074176993966
PFDN4,0.074274382539707
DCUN1D2,-0.999985005711325
CBLN1,0.101129176065295
FMNL1,0.433779576207625
EDNRB,1.22734711588042
TNNI3,-0.0576651284903978
CREBZF,-1.97154718661912
NUDT15,1.64797032287688
MSLNL,-0.90025347304182
NGF,-1.03380738267807
PRKD2,-2.73876338772226
SH3BGRL2,-1.65582678433501
GBA,-1.39727188092027
GBP6,-1.76753335212957
UNG,-0.443880269887191
CRX,-1.37866232172015
TGFBR1,-0.572269594201112
RAD51,-7.48358220188574
GLI2,-0.328634344378328
RBM25,-0.569689382573951
IL20,-0.731199512664243
NDUFS6,-1.20994818720595
BLOC1S2,-0.779442348291859
DCDC2C,-1.4491694392245
CCAR2,-1.48473213398099
NDUFA5,0.500181121748092
ITGAX,-2.94887909521581
RPS10,-2.0403565382339
FGF20,-0.852407521363724
TMED4,-0.201305395149672
BATF,0.540224077187697
IL21R,0.868383256121219
PSMD1,-1.76167517282378
BEX3,0.739732462486472
SCIN,0.333086308704796
ITPRIP,-2.20595411509569
NDST1,-0.486268092943536
NAMPT,1.56739515958444
DTX2,-2.00604086460136
AMFR,-1.2473283221012
KCNH2,-0.366508993181707
REPS1,-0.451148321494935
BCAT2,-1.84559753107098
BRD1,0.386103975926974
MRPL28,-0.774153282077493
GPKOW,1.18346941505183
PTPN9,1.30958517927409
TSNAX,0.182108865414121
IL5,-0.635223378439761
FGF7,-2.42535302969598
TSLP,0.970601933626633
TARS1,-1.96996965424099
JMJD1C,-1.50974806291109
OSBPL2,-0.307512902203852
KRT6C,-0.854097544231198
CYTH3,-0.746465156936142
BRD2,-2.096308365938
NXPH1,0.371569910757267
SPTBN2,-0.444299380941352
DDX4,0.714882968056357
RTKN2,-0.169655450536278
TPSG1,0.0511283329886268
SPACA5_SPACA5B,-1.30337525844997
NRXN3,0.887317972329807
TARM1,-1.04049580130736
SIGLEC15,-0.383409954259425
CYB5A,2.17590951709774
SH3GL3,-0.174295901807815
NACC1,-0.215626055372558
SCN2B,-0.740526561738596
MRPL24,-1.82711929436077
REST,-0.794420031669895
ESPL1,-1.9259623995705
MNAT1,-1.73233771804589
NLGN2,-0.175389199091531
IL33,0.14379401777441
JUN,0.176072245567366
NXPE4,-0.223563245865139
MYO6,-1.88822475900706
ARID4B,-1.79801293026877
LYPD1,-3.95661040490756
RGL2,-1.53862756207453
PRR5,-0.189873882516824
BRME1,-1.27754702449398
MAPT,-0.754586348592591
CA7,-3.53598405856641
AKR1B10,1.27534836801825
IFIT1,-0.403682305375994
MYL1,0.158105966443772
TLR2,-0.351882175543374
PTEN,-1.35465490719761
RAB37,-2.15302170984797
DENND2B,-3.61113953967192
COPE,-2.43471289699805
CENPJ,-3.08892212914006
DDX53,-0.147624445847712
HDAC9,-2.06318904954661
SATB1,-0.103792352253779
MKI67,0.739376638461677
GRIN2B,0.137236650395698
